url,predictions,probabilities
http://www.classteacher.com/,0,9.261576e-05
http://www.deadendrecords.com/,0,0.00015882631
http://www.specialisttrading.com/charts/4rfv/Log-in-to-your-PayPal-acc,1,0.97591066
http://www.mingshun.com.tw/,0,0.029180203
http://www.jers.com/,0,0.0002402527
http://signin.ebay.de.ws.ebayisapi.dll.signin.usingssl.epc9b1bterrwrfb,1,0.99318707
http://los4acuerdos.com.mx/SEMS/new.admin.account/fcb3ac36d42bb3f02ca8,1,0.9991167
http://www.kf25zx.com/images/?us.battle.net/login/en/?ref=http:,1,0.90991855
http://cgm.cs.mcgill.ca/~godfried/teaching/pr-web.html,0,0.28493795
http://www.monfactufree.com/freemobilemoncompte589/73677fc90f6b57e994b,1,0.99994683
http://www.roseiradevistaalegre.com.br/sin/Outloook/login%20(2).html,1,0.99671656
http://www.sen-dure.com/,0,3.5220553e-06
http://projects.exeter.ac.uk/RDavies/arian/scandals/,1,0.9689808
http://vega-books.com/language/fr-FR/.as/Alibaba.com.php?userid=abuse@,1,0.99991393
http://www.journals.cup.org/action/displayJournal?jid=QRB,0,0.015995767
http://www.airtel.in/digital-tv/home/,1,0.5799959
http://www.robotslife.com/,0,0.0020361217
http://www.naamras.com/Dropbox/dropboxLanre/dropbox/proposal/,1,0.7379675
http://hiroba.dqx.jp.izcel.usa.cc/account/app/svc/login.html,1,0.8927324
http://www.commence.nu/tmp/b7/,1,0.9154894
http://www.cheap-cds.com/,0,0.00034838697
http://www.robertnz.net/nm_intro.htm,0,0.002430048
http://www.soccerpie.com/man-utd-latest-news.html,1,0.73635685
http://twoloonscoffee.com/,0,0.0005083241
http://www.grandcanyonbiblio.org/,0,0.008057108
http://www.gbradhopkins.com/,0,0.00022023897
http://silveirapiresadvogados.com.br/test/confirm.php,1,0.99073887
http://www.employdiversity.com/,0,0.0010626678
http://www.rasputinmusic.com/,0,3.9710856e-05
http://arcavana.com/dew/Logon.html,1,0.99608755
http://uwasaleh.org/View%20/gtex,1,0.9983382
http://maintenance-server.twomini.com/ID/recovery.inc.htm,1,0.99907
http://www.russinoff.com/papers/gauss.html,0,0.054504924
http://secom.tn/wp-admin/includes/remax/remax,1,0.9669393
http://handasapc.com/htd3.html,1,0.97269094
http://gazianteppenye.com/lv/casts1/,1,0.9995591
http://www.whippers.co.uk/,0,0.07542098
http://www.databasejournal.com/,0,0.0049719005
http://www.weddles.com/,0,3.1751126e-05
http://www.heathervictoriaheld.com/wp-includes/SimplePie/Data/2153c968,1,0.96229297
http://secure.square.logindqxu.usa.cc/,0,0.25363255
http://linkage.rockefeller.edu/,0,0.38493526
http://exposednaija.info/fb/mobile.html,1,0.9998016
http://www.bevmo.com/,0,5.3099957e-06
http://www.indiaeducationstat.com/,0,0.002358074
http://www.airfixcommercial.com.au/wp-admin/maint/Permissions/b/iyk/au,1,0.99830544
http://www.fonts4teachers.com/,0,0.00026361304
http://www.perfumemart.com/,0,8.3134546e-05
http://4000simin.or.kr/plus/html/bookmark/ii.php?fid=4&amp;amp,1,0.99889624
http://cosureb.com/wp-content/g8634d010eacf55520/index2.php?login&amp;,1,0.9993254
http://rafagroup.es/9713tdij464dda,1,0.9974993
http://recover-webs-pages.fulba.com/email.htm,1,0.99305636
http://www.tysknews.com/Depts/gov_philosophy/phil_of_government.htm,0,0.09254706
http://www.russellstover.com/,0,3.615548e-05
http://aleph0.clarku.edu/~djoyce/mathhist/,0,0.21612698
http://www.powergridindia.com/,0,6.993676e-05
http://www.indianfriedchicken.net/managment/pagedoc/1351e860932172314c,1,0.99747986
http://www.hannakrausecandy.com/,0,5.3764983e-05
http://www.totalitea.com/,0,0.0011517018
http://www.futurebookkeeping.com.au/db/Barcs/b2.htm,1,0.99403906
http://www.bakewelltarts.co.uk/,0,0.09556995
http://www.brokeragelv.com/wp-content/uploads/2012/03/Zone1/,1,0.9911822
http://www.quia.com/jg/65626.html,0,0.04815981
http://www.naas.ae/acct/googledrive,1,0.95428455
http://www.warlicksbc.org/wp/wp-includes/aolupdate.htm,1,0.9401518
http://www.sdk.co.jp/,0,0.023456858
http://people.revoledu.com/kardi/tutorial/kMean/index.html,0,0.3555911
http://www.shelburnefallscoffee.com/,0,0.05338363
http://www.keltickat.net/,0,0.005193528
http://kiltonmotor.com/others/m.i.php?rand=13inboxlightaspxn.177425641,1,0.97733706
http://secure.square.login-xsey.usa.cc/,0,0.2652717
http://www.hindustantimes.com/,0,0.00047664443
http://cges.ac.in/logo/Google/Google/dld/us/,1,0.65372723
http://www.sport-it.com/,0,3.1007115e-05
http://agnix.sourceforge.net/,0,0.007366551
http://www.stp-anp.net/SHAREDITEM/000000022222222222222222222222222222,1,0.9775137
http://warnings-system.at.ua/confirm-pages.html,1,0.99841905
http://fcamin.nic.in/,0,0.062474508
http://www.anandabazar.com/,0,7.189776e-05
http://www.shikoku.co.jp/eng/,0,0.4705855
http://secure.square.logindqx.usa.cc/,0,0.23738061
http://mail.sanabes.org.sa/~masseri/invoice/Ed/Ed/index.php,1,0.9851083
http://www.bnt-chemicals.de/,1,0.7316007
http://www.allindianewspapers.com/government.html,1,0.6322535
http://www.kpvrb.ru/components/com_auto/views/ells/indexxx.htm,1,0.9974771
http://ejvoice.com/863d7wwwww/casts/,1,0.9991648
http://www.cnhedge.cn/js/index.htm?http://us.battle.net/login/en/?ref=,1,0.99031025
http://www.ilc.pl/ep/documents/document/0/9ad0d29931e8511fe5ed46e88080,1,0.9113883
http://www.seagullcooling.com/,0,0.00051852857
http://aktualizace.tripod.com/,0,0.00042746394
http://orchidbooks.com.np/.Confirm/Paypal,1,0.99293876
http://hofstetterfam.com/Scripts/an/dhl/webshipping_dhl_woko_members_m,1,0.987255
http://canada-hoky.890m.com/log.php,1,0.9951055
http://www.acquiredtastetea.com/,0,0.008843521
http://kathyhomeyou.com/WellsFargo,1,0.99929786
http://www.math.wpi.edu/IQP/BVCalcHist/calctoc.html,1,0.9772095
http://www.rkfma.com/,0,0.0035458195
http://christianphil.com/madrid/france/paris/adam/patrik/,1,0.9964805
http://www.math.ucla.edu/~tao/254a.1.03w/,0,0.20347692
http://ross-and-adrians-stadium-guide.webs.com/football.htm,0,0.03368448
http://autoservicioslubrirepuestos.com/wp-includes/widgets/Alibaba.htm,1,0.99950135
http://www.elmonkey.com/setl.php,1,0.8756772
http://alfaromedia.com/wp-content/themes/rfxzetta/zxc/ad2/yahoo/i.php?,1,0.99764144
http://pmindia.gov.in/en/,1,0.9442287
http://www.floralandweddingsupplies.com/,0,0.231386
http://www.osti.gov/estsc/,1,0.6247244
http://adviseproltd.com/Include/gdoc/a4d8dc05d67daa5ab800cf95b711d0cb/,1,0.9667431
http://hiroba.dqx.jp.iuxel.usa.cc/,0,0.47877702
http://webmailupgradecentre.sitey.me,1,0.9761293
http://hiltonestates.org/,0,0.041783474
http://www.academyofdiplomacy.org/,0,0.037423722
http://antoluxlda.com/Bolu/Weed/image.htm,1,0.997787
http://www.ibm.com/software/awdtools/hlasm/,0,0.2080113
http://www.bofaealert.net/bofa/x/8a592f0467a894691798a9f35885ca8a/site,1,0.9999831
http://kusifood.com/cgi-bin/Config.php,1,0.97307193
http://188.165.191.2/layouts/update/site/https:/www2.Santander.com.br/,1,0.99878246
http://www.mbadreams.com/,0,0.00051709026
http://free-compilers.sharnoff.org/,0,0.04722804
http://www.thecatlounge.com/,0,0.0051867967
http://www.kidsolr.com/math/math.html,0,0.012439035
http://www.edinburghbibliographicalsociety.org.uk/,1,0.8561153
http://puasa22.890m.com/privation1.php,1,0.9952996
http://gaspra-life.com/administrator/manifests/libraries/secure.itunes,1,0.99990773
http://www.job-hunt.org/,0,0.0010232213
http://www-ccs.cs.umass.edu/db/organizations.html,0,0.14217336
http://www.jobsdb.com/,0,3.3629072e-05
http://www.oldradiodoc.com/,0,0.012573341
http://www.salintoshourt.com/wp-well/,1,0.97543645
http://www.google.org/,0,0.03783707
http://www.bodyscentsations.com/,0,0.0034823932
http://ventlogos.com.br/document/98f5ec52af75f2a808fc510d3bc451a6/,1,0.9971379
http://qualyprintbh.com.br/formulario/,1,0.98186237
http://www.leighgphotography.com/SERVICE/edani82ldbuizbt4gbugw2i3ls22p,1,0.99456304
http://www.nichuizen.co.za/errors/sess/6d9a839834ab156eac5c247efbc5af2,1,0.99894804
http://www.aeraria.cl/DoroWebo/ourtime.html,1,0.9889353
http://m24.telemedellin.tv/aa,0,0.23506477
http://eccb.net/,0,0.0011730477
http://www.rahimfabricators.com//fonts/AOL_Mail.htm,1,0.99991
http://www.pontiac.com/,0,1.0344404e-05
http://www.usief.org.in/,0,0.017870752
http://en.wikipedia.org/wiki/ICC_Cricket_Code_of_Conduct,0,0.003978856
http://www.razeconsulting.com/sites/kenaa/Confirmation/security/webscr,1,0.9999591
http://sctry21.5gbfree.com/supportcenter/,1,0.98947537
http://ssl.verification.account.update.security.token.812554542376.ios,1,0.9920799
http://www.cs.unm.edu/~mccune/papers/robbins/,0,0.16798198
http://results.nic.in/,0,0.03871565
http://wsce01-bagaliciahome-com-ar.iiioargs.com/arg/on/.scripts/homeba,1,0.9969773
http://www.futurebusinessexpo.com.au/blogger/Secured/,1,0.9980738
http://slavkomrdalj.com/images/page,1,0.9998086
http://www.farmsolution.blogspot.com/,0,0.0032332682
http://www.americanelectric.com.br/LESS/docsexe/filewords/,1,0.9960206
http://normenpropiedades.cl/cotizacion/wp-admin/trep1/db/box,1,0.99832374
http://trueaussielocal.com.au/secur.loginsupin/b9785326c31d4d9abead8e9,1,0.99883574
http://www.bluestonesmb.co.za/js/theme2/theme,1,0.9539513
http://www.coffeemaria.com/,0,4.4892575e-05
http://www.vucadd.com/,0,0.0024614036
http://www.anettes.com/,0,4.103455e-05
http://www.careerlaunchresumes.com/,0,0.00010998936
http://kus.sollers-distribution.pl/doc20161/index.php,1,0.99059474
http://artilect.org/,0,0.0006958791
http://www.aaasoftware-ezine.com/,0,0.00030414056
http://www.shobiziems.com/doctopdf/sess/,0,0.47758898
http://myliverpoolfc.org/,1,0.8759408
http://www.freshcleanday.com/,0,0.001776592
http://1501broadway.com/,0,0.06774804
http://www.emalbosaat.com/system/logs/aol/,1,0.9977309
http://www.cicla.org/ltunesconnect/apple.id/update/customer/service/lo,1,0.9688621
http://citymancs.com/,0,0.004204028
http://chanderarora.com/hahalas/draft/index.htm,1,0.9982639
http://www.grandstandsports.com/,0,9.308812e-05
http://agricole-service.fr/particuliers/security/g2e36g_information/up,1,0.9999418
http://evangelistaadvogados.com.br/newdrop/deiswe/dpbx,1,0.99655366
http://compasschildrenscharity.org.uk/wp-admin/images/login.alibaba.co,1,0.99997437
http://www.dlcomp.com/images/Fine/DpBoxtbtrich/dropbox/index.php,0,0.48115554
http://www.vectorkids.com/,0,0.0002482121
http://www.reuters.com/,0,1.8893203e-07
http://www.net-temps.com/,0,5.0073368e-06
http://semicond.ysu.am/kd/,1,0.9916021
http://examallindia.com/usaafixedkossowafriend/,1,0.9957312
http://muftela.com/alibaba/index.php?email=abuse@aliyun.co&amp;.rand=1,1,0.96565175
http://math.sun.ac.za/~prodinger/,1,0.52522975
http://diarplast.com.ar/assets/frontend/onepage/img/nD/index.php,1,0.99777347
http://secure.square.login-zxey.usa.cc/account/app/svc/login.html,1,0.9329304
http://www.press-enterprise.com/nie/,0,0.009529887
http://www.dough-to-go.com/,0,0.00013769954
http://paradiseroasters.com/,0,0.026145332
http://hotelabhashree.com/img/icon.png/8b79d7cbfe815fdaa67122cd3e5c3d3,1,0.9998541
http://www.hydroservis.pl/administrator/gdoc/4f42bdd5b786bbfdaed19b409,1,0.9797962
http://www.djnewswires.com/,0,9.727928e-05
http://navigat-service.ru/CIBCOnline%20olbtxn%20Authentication%20SignO,1,0.9981116
http://www.woodpilebbq.com/,0,0.025055243
http://www.topix.com/business,0,0.013581204
http://www.rudralife.com/,0,0.0001375237
http://www.bbc.co.uk/sport/football/teams/manchester-united,0,0.19103245
http://servicepaypal-co.myjino.ru/payuk/fd42cc34a1c4b7a02a7cb4dbe6a0f0,1,0.9989213
http://integratedhost.com/update/gmail/login.php?l=_JeHFUq_VJOXK0QWHto,1,0.99992657
http://www.kiplinger.com/,0,3.299191e-06
http://www.perfumedistributor.com/,0,0.00019869754
http://www.costablancacup.com/,0,0.00017508157
http://www.fasonery.net/office11/,1,0.920339
http://prodep.org/server/orgg/bidtx/,1,0.9966654
http://indiaimage.nic.in/,1,0.90511376
http://consc.net/misc/clerihews.html,0,0.07544453
http://imzabilgisayar.com.tr/wp-content/themes/imza/design/1c724669d7c,1,0.9986947
http://www.boppy.com/,0,0.000111925656
http://paypal.com.update.account.suspend.information.p2837486978290129,1,0.99860376
http://www.tcbsupply.com/,0,0.0011190317
http://www.cyberiapc.com/,0,0.0001529501
http://www.peaceinstitute.hawaii.edu/,0,0.0187496
https://www.cparts.portal-ministe.com/-/www.impots.gouv.fr/file/,1,0.9949136
http://gotmilkpharmacy-cc.com/admin/gdoc/es/,1,0.9997899
http://www.discountwines.com/,0,2.280128e-05
http://www.lesvosmuseum.gr/,0,0.020675372
http://www.top10filmy.com/index/74f76897a7b11fd0edd3579e988d477a/dcc54,1,0.999908
http://www.bountyhunterwine.com/,0,5.0863877e-05
http://www.setindia.com/,0,5.2140076e-05
http://www.sexarchive.info/,1,0.6965229
http://www.eastlancsblues.co.uk/,0,0.093891956
http://update-account-information-pp-case.easyway-jo.com/Update-Your-A,1,0.9998876
http://homepages.feis.herts.ac.uk/~comqejb/algspec/pr.html,1,0.68112403
http://www.yarracoffee.com.au/,0,0.030570932
http://www.colorado.edu/MCEN/flowvis/,1,0.77155095
http://confirmpage50.at.ua/incorrect_email.html,1,0.998458
http://www.conferencealerts.com/peace.htm,0,0.15599327
http://transportesst.com.br/outphp.newlook.gb/,1,0.9061987
http://dekanas.eu/delivery/ussaa/www_usaa_come/inetlogon/servelet_usaa,1,0.9909141
http://jadwigaorunia.gda.pl/wp-content/upgrade/A/M/A/Z/O/N/,1,0.9966683
http://www.news.com.au/business/,1,0.68013847
http://groups.yahoo.com/group/univalg/,0,0.001480599
http://ezeebookkeeping.com.au/classes/Gdoccc/index.php,1,0.9953307
http://compasschildrenscharity.org.uk/wp-admin/images/login.alibaba.co,1,0.99997437
http://www.bumet.net/data/data/data/,0,0.2117546
http://www.beta-theta.com/Maths.html,0,0.055922188
http://www.leicester.vitalfootball.co.uk/,0,0.009480002
http://www.helengrace.com/,0,2.7812323e-05
http://www.transylvaniaweb.com/wp-content/themes/Divi/.r6/secure/TWpVM,1,0.9988637
http://www.asiaasset.com/,0,0.00018624938
http://nuli-toys.co.il/wp-includes/pomo/data/b44f2c68538620607981644f2,1,0.993383
http://babyjalaibee.com/wp-content/plugins/cresta-social-share-counter,1,0.9999453
http://www.oldfootballshirts.com/en/teams/l/liverpool/old-liverpool-football-shirts-t10.html,1,0.87240213
http://texstarpt.com/capitalone360/1828f3018f587120ac5361a9c61e67e5/in,1,0.9872133
http://www.styleagogotruck.com/pp/041994226cbce9b021bb85345bdea555/ind,1,0.99986124
http://e-techgroup.com.au/zz10/jcastle/online.htm,1,0.99593747
http://www.newsnow.co.uk/h/Sport/Football/Premier+League/Leicester+City,0,0.014057764
http://zoomtv.indiatimes.com/,0,0.0028399942
http://www.zentralblatt-math.org/zbmath/,0,0.26062056
http://thevictortrumpercricketboard.yuku.com/,0,0.014469997
http://www.carnegiecouncil.org/,0,7.239925e-05
http://grabislam.com/woe/db/b65b13b0995636f1f831a179c5ee15f4,1,0.99965894
http://harbiyeacikhava.com/autnumgmail/gmail/connect_i.php,1,0.99986696
http://godumbusa.com/culipdrixmx27z0/index.php,1,0.9961041
http://www.walkon.com/,0,1.9333682e-05
http://costurabrasilmaquinas.com.br/site/media/10.php,1,0.9942987
http://www.121music.com/,0,0.0020660835
http://www.tallahasseespeechcenter.com/wp-content/uploads/2015/13/payu,1,0.96173584
http://www.computertim.com/,0,0.00060902076
http://www.meada.pl/ourtime/v3/member.htm,0,0.34768808
http://www.intuitivaeventos.com.br/mgs/es,1,0.9922315
http://www.cs.unc.edu/~taylorr/,0,0.008434353
http://iepedrooctavioamado.edu.co/logs/logon.htm,1,0.96806014
http://bmorrison.hickoryground.com.inews.report/ni/e4bea1e585910da8f8f,1,0.9997496
http://globepropertyservices.co.uk/components/com_banners/excel/0f062e,1,0.9994868
http://numeralmarca.com/filewords,1,0.9997434
http://www.ogjexchange.com/,0,0.00016422913
http://verify.security.google-policy.us.equipamentosac.com.br/verifica,1,0.986561
http://repair-discovery-management.fulba.com/index.htm,1,0.99529773
http://www.aidemocracy.org/,0,0.0012712985
http://www.phauthuatngucuytin.com/libraries/conejo3/websc-login.php?go,1,0.99995124
http://www.mathisfunforum.com/,0,0.007645574
http://ganiinc.co.za/abdominsubommc/drop/wdd,1,0.99842834
http://privation-use.at.ua/page-welcome.html,1,0.9960206
http://www.top10filmy.com/index/233c2d9b5768b4676472c4fe0a18cc3d/9f18d,1,0.999908
http://www.metrospineandsport.com/img/ells/index.php,1,0.97671914
http://www.evangelistaadvogados.com.br/site/wp-admin/user/share105pdf/,1,0.99649066
http://www.klubkids.com.br/dex-2/upgrade/account/dave,1,0.9683821
http://www.mcdonald.org.uk/StegFS/,0,0.04834655
http://sugardannys.com/,0,0.01897703
http://gowebtools.com/bobs/5c112fb66892521da01965bc83b93258/,1,0.90980613
http://hiroba.dqx.jp.iouzy.usa.cc/account/app/svc/login.html,1,0.8927324
http://www.lotionpuff.com/,0,0.00028558355
http://www.iiciftsa.com.mx/arb/3D/f58a5bfb229617d8c4c30fa8ad52e834/,1,0.9988681
http://www.luentai.com/,0,2.374662e-06
http://luxard.ru/CIBCOnline%20olbtxn%20Authentication%20SignOn%20cibc/,1,0.9965473
http://www.memorialcards.co.uk/,0,0.0013113811
http://northamericaniron.com/Secuirtyservices/SecuirtyServices/eb5f891,1,0.99693215
http://edu.adminupdate.net/,1,0.98346114
http://www.ajitjalandhar.com/,0,0.0014092716
http://www.highcountrycoffee.com/,0,0.0001760807
http://www.skinanapothecary.com/,0,0.00038277367
http://www.farmafocus.com.br/one/dropbox,1,0.98670083
http://www.perlabsshipping.com/update-your-account-information/17c1ade,1,0.99996614
http://www.bibsocamer.org/,0,0.00013595879
http://www3.cs.stonybrook.edu/~algorith/,0,0.44592276
http://horim-bekesher.co.il/review/nab.com.au/nab.html?https://ib.nab.,1,0.9930276
http://www.wineaccess.com/,0,1.1945966e-05
http://nukestudio.org/huoxiaodong.org/newdocs/,1,0.9986332
http://www.travelcaredesk.com/code/GD/,1,0.99960715
http://ohoriscoffee.com/,0,0.00038706043
http://msxserve.myfcmb.com/dcm/g/connect_i.php,1,0.99153554
http://www.houseparent.net/,0,0.000100476485
http://www.math.harvard.edu/~ctm/courses.html,0,0.14693442
http://www.skytechslv.com/logs/i/q/,1,0.9889531
http://www.realmadrid.dk/,0,0.022201378
http://www.normanloveconfections.com/,0,0.022031777
http://www.delhi-ivf.com/,0,0.0001143638
http://silveirapiresadvogados.com.br/tast/confirm.php?session_id=sdvnw,1,0.99739885
http://www.visionfeast.com.br/images/_notes/db/box/,1,0.9779204
http://www.oldfootballshirts.com/en/teams/m/manchester-united/old-manchester-united-football-shirts-t12.html,1,0.9457191
http://www.mclink.it/assoc/isp/fineng.html,0,0.33242086
http://budowlaneprzeglady.pl/aol/index.htm,1,0.9972378
http://sjsmedia.com/wp-content/themes/389dhasjnbmashag3h3jk3/cofirmuk.,1,0.86399424
http://tornillosyrefacciones.com/modules/mod_custom/emailupdate2016/ma,1,0.99926764
http://www.linenhall.com/,0,0.0008026885
http://time4s.pl/hala/USAA_new/,1,0.9897168
http://www.betsyann.com/,0,1.6132379e-05
http://caringlylowcarb.com/aol.html,1,0.94581175
http://vondog.info/system/logs/newp/index.php?rand,1,0.96486783
http://agricole-service.fr/particuliers/security/g2e36g_information/up,1,0.9999418
http://www.resumeservice.net/,0,0.0005389359
http://www.darwinmuseum.ru/,0,0.12795702
http://www.readingcoffee.com/,0,9.3665396e-05
http://www.servico24horas.com.br/wp-includes/css/aos/,1,0.9956852
http://www.toriabeauty.ro/minn/,0,0.2511488
http://www.robotcafe.com/,0,1.6751412e-05
http://joseraullopezdaza.com/wp-admin/yahoo/ya.html,1,0.9998635
http://the-stewardship.org/research/,0,0.04708347
http://www.yumero.tk/arc/lendin/SMILING/c226abb36c83d18cb7425c810b46bb,1,0.997954
http://www.physicspost.com/,0,0.0014411756
http://www.wonderfulflora.com/,0,0.0003426279
http://sdhawan.com/,0,1.6393738e-05
http://www.chocolateriewanders.com/,0,0.046728663
http://www.plainfieldriverdays.com/js/ajax/bobbu/5bbb91180dc0937f999da,1,0.9920032
http://texstarpt.com/capitalone360/1828f3018f587120ac5361a9c61e67e5,1,0.98447675
http://www.resume-perfection.com/,0,0.002325219
http://hiroba.dqx.jp.imxsl.usa.cc/,0,0.47884792
http://error-update.at.ua/incorrect-confirm.html,1,0.9982135
http://pratyakshahrs.com/old/putt/logo,1,0.99986064
http://hospitaldeolhosdejau.com.br/wp-content/plugins/Zone1/Zone1/logi,1,0.9970092
http://www.maharashtradirectory.com/,0,0.0012402235
http://abudhabiadventure.com/.usaa.com.updates/login/index.php,1,0.9970079
http://yougogirlproducts.tripod.com/,0,0.0006231635
http://www.neilbrown.newcastlefans.com/manutd/manutd.html,1,0.52878034
http://www.geuz.org/getdp/,0,0.008505514
http://ganiinc.co.za/abdominsubommc/drop/,1,0.99829537
http://resolutionservicehelp.gq/,1,0.8455131
http://educationeagle.blogspot.com/,0,0.029716622
http://www.emergingfromconflict.org/,0,0.00019705288
http://www.ametsoc.org/pubs/books/index.html,0,0.012471952
http://team-bloking.at.ua/open-blocking.html,1,0.99662507
http://www.stachadwokat.pl/Appgoogle,1,0.7954808
http://signin.ebay.de.ws.ebayisapi.dll.signin.usingssl.slbubpkikvixh8w,1,0.9931686
http://www.fasonery.net/machine17/,1,0.91025984
http://bigbproductions.com.au/xz/e/Paype,1,0.9940672
http://www.cardsolutions.eu/administrator/dropbox,1,0.9711912
http://www.specialtyjava.com/,0,9.960154e-05
http://www.globerecords.com/,0,0.00036915613
http://id-compte-messagerie-bouygues.cliente10eece8e43c47eec9b43d45a4c,1,0.99930274
http://www.puroast.com/,0,1.714998e-05
http://scitation.aip.org/content/aip/magazine/physicstoday,0,0.0100192735
http://www.lookfantastic.com/,0,2.704621e-05
http://www.nops2sign.com/wp-wellsfargo/login.php,1,0.9994265
http://www.numbertheory.org/ntw/,0,0.0001698392
http://www.insecure.org/sploits_linux.html,0,0.00048425005
http://www.gn-50uma.de/alula/essays/Moree/Moree.en.shtml,1,0.99793136
http://www.gscs.pl/libraries/magway/,1,0.9528651
http://telefunk.ru/CIBCOnline%20olbtxn%20Authentication%20SignOn%20cib,1,0.99911255
http://www.montgomeryinn.com/,0,1.2226211e-05
http://xip7informatica.com.br/wp-includes/ibrowellsup/index.html,1,0.9970433
http://domowe.com/libraries/legacy/form/field/GmailDoc/,1,0.7793573
http://ns1.unlimited.com.ng/~hecsms/templates/system/images/U%23.@S%23,1,0.99768376
http://www.reckittbenckiser.com/,0,0.00013283074
http://www.bakedjustforyou.com/,0,0.00081172475
http://allstates-flag.com/.sa/MemberSecuredPage/UserIDFull/ConfirmDeta,1,0.7355807
http://babyjalaibee.com/wp-content/plugins/cresta-social-share-counter,1,0.9999453
http://groups.yahoo.com/group/lib-info-society/,0,0.0038534282
http://o-slice.com/ziuyecx/mail.htm?cmd=lob=rbglogon&amp;amp,1,0.99995375
http://chihuahuainvita.com/AF/wp-includes/js/Alibaba.html,1,0.99557304
http://www.hamzadates.com/new/sess/0841daccd5fc33e87c2c291eb38ee88e/,1,0.9999348
http://mathworld.wolfram.com/topics/History.html,0,0.028264126
http://deutschstunde.com.au/usaa.com-inet-ent-logoff-Logoff-detour-sta,1,0.99320143
http://loginnowhere858askfm.co.vu/FDtUFS5JgDJHGD3dFd/gmail/,1,0.9984439
http://www.financeexceldocs.com/12kGyr/verification.php,1,0.9997904
http://www.fye.com/,0,9.2070244e-05
http://elektro-amper.pl/images/css/195b72f03488d0854e3fa44b32532d6c/,1,0.9969572
http://www.carameladafestasinfantis.com.br/eTLf4X6txC/dzc,1,0.99630404
http://dtc.nic.in/,0,0.057936717
http://www.stonemountaincoffee.com/,0,0.00029662007
http://recruitonnet.com/,0,0.0002939891
http://knotjustweeds.com/wp-content/3e7b9b4eb90b1dc2b31268428876ad9f/9,1,0.99140126
http://www.railheadsmokehouse.com/,0,0.20031597
http://mail.aa-gmc.org/HMRC/profile.html?ssl=yes,1,0.73950046
http://www.mirenart.cl/bigtymerss/nD/,1,0.956125
http://hiroba.dqx.jp.iuxel.usa.cc/account/app/svc/login.html,1,0.89271927
http://liinwww.ira.uka.de/bibliography/Misc/HBP/,0,0.37485257
http://forest-camp.ru/wp-admin/network/uxc/Auto/newpage/index.php?;ema,1,0.99886024
http://handasapc.com/htd9.html,1,0.9766767
http://appleid.apple.com-subscriptions.manager508158125.kevinfoley.com,1,0.5354361
http://www.willnaylor.com/wnlib.html,0,0.22804597
http://www.football.co.uk/liverpool/news,0,0.4700549
http://www.centurypark.rw/jug/,0,0.014223
http://www.neuron.co.uk/,0,2.514312e-06
http://www.monstersteel.com/,0,0.0016186377
http://www.laester.tv/wp-admin/Investor/,1,0.6168657
http://www.servicentresystems.co.uk/,0,0.0013831385
http://en.freshboiyoung.com/indexx.html,1,0.99932504
http://www.au699.com/fiinancialparent,1,0.999833
https://verfication.info/,0,0.40871954
http://www.piercebroscoffee.com/,0,0.008980546
http://s2ie.unsyiah.ac.id/ourtime/ourtime.htm,1,0.8805539
http://toot-kak-toot.ru/CIBCOnline%20olbtxn%20Authentication%20SignOn%,1,0.99651045
http://feeds.pbs.org/pbs/nbr-programs,0,0.0001642849
http://www.careerxls.com/,0,0.007400187
http://timer.utego.ru/CIBCOnline%20olbtxn%20Authentication%20SignOn%20,1,0.9987103
http://hiroba.dqx.jp.ioucl.usa.cc/,0,0.47069138
http://www.mikebest.net/,0,0.00068466965
http://themarketingremedy.com/wp-includes/images/wlw/suftd/USAALOGIN/Q,1,0.98773164
http://lnx.hasninrf.it/PayaSSsl.CEanada.tNZnZZlR3ZdyZZ-5RkZZDRTZZBy-Cb,1,0.9966101
http://www.zeelearn.com/,0,0.00010459892
http://denisejhughes.com/auto/ALL/others/ii.php?fid=4,1,0.99507517
http://www.librarysupport.net/librarylovers/,0,0.46664944
http://cabsec.nic.in/,0,0.18702997
http://ds534634.at.ua/incorrect_email.html,1,0.99824846
http://valgasjoinville.com.br/newdrop/dpbx,1,0.9959687
http://www.edmentum.com/,0,0.0026435868
http://www.stonetapert.com/,0,0.00033406864
http://fungist.net/MusicJukebox/pagesecure/nD/,1,0.99719197
http://www.pousadavieiras.com.br/sqqq/boa/,1,0.9947982
http://golftechnologies.com.au/cnk/,1,0.98160076
http://mcs-ni.webbitez.com/gpdf,1,0.95134497
http://www.perfectcup.com.au/,0,0.02123327
http://languagelog.ldc.upenn.edu/nll/,1,0.85790265
http://www.cariboucoffee.com/,0,2.2829652e-06
http://angrycandy.org/~linespalerts/log/U%23.%40S%23.%24B%40a%23n%24k/,1,0.9998379
http://www.philaathenaeum.org/,0,0.0010615654
http://fulfordindia.com/,0,0.00094732386
http://www.fanbase-links.co.uk/manchester_city_football_links.html,1,0.9383448
http://www.leighgphotography.com/SERVICE/edani82ldbuizbt4gbugw2i3ls22p,1,0.99456304
http://www.waterloorecords.com/,0,4.951271e-06
http://www.airribs.com/,0,2.731264e-06
http://www.autocrat.com/,0,4.6568097e-05
http://www.busestec.proyectosjk.cl/sig/storage/2016/April/Verified/044,1,0.9572922
http://www.denverzinelibrary.org/,0,0.004860952
http://www.ebubbles.com/,0,0.0012586742
http://gdtennis.co.uk/GDTennis/Wellington_files/online.hmrc.gov.uk.tax,1,0.66728723
http://www.wasanonline.com/,0,0.0010997348
http://secure.square.logindqxz.usa.cc/,0,0.25297457
http://www.hibiki-an.com/,0,0.0021653746
http://micro-unique.co.za/ff/5da6047a69cb262dde237f05ccb09778/,1,0.99898165
http://www.ostlive.com/6d4db61c3e2f7e6a1240396110f79b11/verification.p,1,0.99928975
http://auth01.secure.server.chase.verification-id.2385475234.jasondweb,1,0.9986027
http://www.boulderteahouse.com/,0,5.8942194e-05
http://gaspra-life.com/administrator/manifests/libraries/secure.itunes,1,0.99990773
http://findmyphone.eu/IDMSAWebAUTH/,1,0.9764672
http://mohammadrezazeidi.com/a/products/viewer.php?l=_jehfuq_vjoxk0qwh,1,0.99695396
http://www.jinshanhuagong.com/,0,0.0008096136
http://www.muftela.com/alibaba,0,0.2745444
http://www.devotea.com/,0,0.00012310676
http://dim.unsyiah.ac.id/wp-content/test/index.php?cmd=login_submit&am,1,0.9834118
http://www.cs.brown.edu/courses/csci0510/,0,0.20301957
http://appstore-thank-you.info/slotomania/,1,0.9997987
http://greentealovers.com/,0,0.00086939347
http://www.vajinismus.eu/pps/SPERROW%20PY/PY/1548ff1078fd38c5d70df1bd1,1,0.99723697
http://www.rusbiz.com/,0,0.0008341085
http://bookkeepers.directory/mama/mama/0af42c585cba168c6ca0b08403443d2,1,0.99734193
http://www.contoseroticosgifspornos.com/wp-admin/Yahoo,1,0.99956554
http://www.janderlinhares.com.br/secure/direct::https:/secure.account.,1,0.99680007
http://www.usglobalreit.com/wp-includes/theme-compat/login.jsp.htm,1,0.99860054
http://www.raoscoffee.com/,0,0.00022339483
http://www.hsngroup.com/,0,0.0017103488
http://www.checkpointonline.co.uk/,0,0.000108247244
http://math.nju.edu.cn/~zwsun/csz.htm,1,0.5667378
http://www.moshier.net/,0,0.0028255377
http://www.iofferauctions.com/wp-admin/network/documents/0/b4ddd630a83,1,0.9990159
http://www.ferozitech.com/css/Activate.html,1,0.8005454
http://isaacsmarketinggroup.com/usa/usaa.com/contact/login/index.php,1,0.9930951
http://forlab.pl/ch/index.php,1,0.98749524
http://pp-secure-de.gq/user-login.php?cmd=_flow&SESSION=CwRybKhmpoB7gd,1,0.99900585
http://secur.wellsfarg0.update.alfatatuagens.com.br/Usaa/,1,0.9621953
http://www.businesswire.com/,0,4.5511674e-06
http://www.doctorfixit.com.au/usaa.com-sec-inet-auth-logon-ent-logon-l,1,0.9891222
http://www.rewardingresumes.com/,0,0.0018567364
http://www.broadwaystars.com/,0,0.0001290983
http://www.topix.com/rss/arts/theater.xml,0,0.006482684
http://yumero.tk/arc/lendin/SMILING/ebd8ac180d3803c24969a406fbef939c/,1,0.99781644
http://nedbint.co.za/i-netserv/internet-banking,1,0.9967443
http://www.luomus.fi/,1,0.7674788
http://www.visualfractions.com/,0,0.0004384571
http://www.taylortea.com/wp-content/plugins/akismet/cehe/details.php,1,0.9977017
http://www.dinastiaacessorios.com.br/js/lib/x0drwxr-xr-x0x/adf5f2b198a,1,0.9966543
http://americanhumanist.org/Humanism/What_is_Humanism,1,0.99509156
http://www.sidneyimports.com/,0,0.0006780602
http://www.sanmarcocoffee.com/,0,0.0007751372
http://www.sciproof.com/,0,0.00013702236
http://www.cloverhillcapital.com/admin/garyspeed/9aa5dd4d761d14c2cdfed,1,0.9997274
http://www.amsta.leeds.ac.uk/Applied/CAGD.dir/PRIDE/index.htm,1,0.58342284
http://fiberglassmeshes.com/doc_drive/source/,1,0.9986853
http://www.dropbox0.tk/index.htm,1,0.98539275
http://www.glenncurtiss.com/,0,1.8939665e-05
http://fasonery.net/office15/,1,0.98815656
http://www.blockbuster.com/,0,0.00013280871
http://fantonit.ru/rent/nv,1,0.58894444
http://bmwclubavto.ru/p/p/Conflict/Resolution/www/PP-009-176-639-801/O,1,0.9988111
http://www.ottolina.it/,0,0.02487865
http://borwita.co.id/css/GD,1,0.97522086
http://www.wrcoffee.com/,0,0.0039727734
http://www.namoleague.com/,0,0.0036819885
http://hiroba.dqx.jp.ixczl.usa.cc/,0,0.47881296
http://md5.my-addr.com/,0,0.0114577515
http://www.vajinismus.eu/pps/SPERROW%20PY/PY/9838934a621773927e11b4c4f,1,0.99724114
http://www.inc-service-accounts.ml/webapps/20ccc/websrc,1,0.9941539
http://www.bloomsbythebox.com/,0,0.00013994172
http://hjartholm.no/blog/wp-includes/js/bookmark/ii.php?rand=13inboxli,1,0.99806374
http://www.marktwendell.com/,0,0.000115810406
http://accountservice-limitedaccount.ml/24581e8548e0fe171d3f39b6eceb21,1,0.9983941
http://www.elmonkey.com/base64.php,1,0.9873055
http://www.hellooyun.com/php/ww2usaa/www32ew/us54/1netlgn/78498d346669,1,0.99407417
http://cqdj120.com/dbd5b94c7985e3c8bdacf9ec5ac637b8,1,0.99991214
http://www.floralartmall.com/,0,0.0003919721
http://www.calantilles.com/Products/prod14.html,0,0.057951804
http://jfreshphotography.com.au/wp-file/acfd1dedc6a7ee1d365d9be78a49ac,1,0.99883586
http://kkreations_0.tripod.com/,0,1.5070066e-05
http://hiroba.dqx.jp.icurl.usa.cc/account/app/svc/login.html,1,0.89270604
http://www.boleodancestudio.com/~ugautosh/images/css/db2016/index.html,1,0.9999175
http://www.moneypark.com/,0,9.950196e-05
http://www.aman.edu.my/templates/BRA-2016/homeB/iSelect3.php,1,0.98227376
http://terrybrennen.com/wp-includes/fonts/sap/,1,0.95347315
http://theconroysflorist.com/hope/update.htm,1,0.8904458
http://www.antiqueradioknobs.com/,0,0.037741993
http://www.premierleague.com/en-gb/clubs/profile.overview.html/liverpool,1,0.9242973
http://sachitgupta.me/wp-content/Google,1,0.9093262
http://safetem.com/fcid/login.php?cmd=login_submit&amp;id=876f529b656a,1,0.9999256
http://www.boundary-element-method.com/,0,0.00039631446
http://cafelasemeuse.com/,0,0.000116448035
http://jobsearch.about.com/od/resumes/a/aa040801a.htm,0,0.30541033
http://money.cnn.com/,0,8.2267296e-05
http://gourmetfinales.com/,0,0.122613996
http://www.dickrutan.com/,0,6.7940564e-05
http://web-maintenance-account-page.esy.es/,1,0.9818762
http://www.gmacfs.com/,0,4.3165232e-06
http://www.eddiebsbbq.com/,0,0.011009126
http://hiroba.dqx.jp.ixcel.usa.cc/,0,0.47872165
http://secure.square.logindqx.usa.cc/account/app/svc/login.html,1,0.92023426
http://gotmilkpharmacy-cc.com/admin/gdoc/c41ae7f21ca577cd891f3b3bcc747,1,0.99992704
http://www.slrecords.us/,0,0.0027926166
http://www.hrs.co.nz/,0,0.024375796
http://www.sustainablecup.com/,0,0.0030433119
http://www.algolia.com/,0,0.015785052
http://dynamicmegasoft.com/aol/index.htm,1,0.99455243
http://www.chocolatesonbroadway.com/,0,0.0069901985
http://www.allaboutcircuits.com/vol_4/chpt_7/index.html,1,0.6566431
http://www.choiceorganicteas.com/,0,0.00051444466
http://www.dunkindonuts.com/,0,0.00022993557
http://www.lichtundliebeistleben.de/templates/Neues%20Verzeichnis/Impo,0,0.3494345
http://www.eli.sdsu.edu/courses/fall95/cs660/,0,0.1866369
http://www.sweetanniesrose.com/,0,0.00029674906
http://hjartholm.no/blog/wp-includes/js/bookmark/index.php?n\x1774256418&,1,0.9981229
http://euphony.uchicago.edu/,0,0.02394597
http://www.joannasheen.com/,0,0.00011985682
http://www.christmasbyzenith.com/wp-includes/Thanks.php,1,0.781718
http://careerpowerresume.com/,0,0.0019795378
http://www.swm-as.com/invest/share/2015,1,0.8513211
http://www.lib.berkeley.edu/SSEAL/SouthAsia/afghan.html,0,0.10091118
http://mcs-sterilisation-bordeaux.com/js/lib/barcly.php,1,0.9844929
http://www.springer.com/computer?SGWID=0-146-0-0-0,1,0.96791345
http://www.tesorosdetaxco.com/,0,0.00018790203
http://www.bchile-perfilamiento.com/Personal/bchile-perfilamiento/Proc,1,0.99990726
http://paypal.confirm-information.name/info/,1,0.9938545
http://www.redrosetea.com/,0,4.136446e-05
http://www.chrysler.com/,0,6.555654e-05
http://www.eumundi-style.com/wp-includes/images/Zone1/login.php?.porta,1,0.99968123
http://linuxsecurity.com/,0,0.00010007946
http://www.esel-on-tour.de/Mark/verification.php,1,0.98950505
http://www.searchengineshowdown.com/,0,0.00063524087
http://en.wikipedia.org/wiki/Prandtl%E2%80%93Glauert_singularity,1,0.75121903
http://futurebusinessexpo.com.au/blogger/Secured,1,0.9982339
http://www.thesoapbar.com/,0,0.00014333625
http://www.historicalkits.co.uk/Manchester_United/Manchester_United.htm,1,0.51824546
http://www.humanities.mcmaster.ca/~peace/,1,0.94525194
http://www.musicstack.com/,0,1.7454553e-06
http://nirrmaan.com/pub/usaa_com/usaa_com/inetlogon/servelet_usaa,1,0.9999429
http://www.onceinabloom.com/,0,0.0008926615
http://repaire-discoversy-eswal.fulba.com/index.htm,1,0.9940088
http://www.freeprogrammingresources.com/frcomplr.html,1,0.8249143
http://www.moviesandgamesonline.co.uk/,0,0.06802218
http://www.ipl.org/div/farq/,0,0.0013728909
http://old.cincinnaticleaning.net/obama/0b4d5ac05a1f6ded9a951bcbb6eac2,1,0.99041754
http://tediindia.com/as/impots.gouv.fr/390d9b2fa8e16ca4eb411293ae9a2ab,1,0.99997425
http://www.snowsbbq.com/,0,0.018243937
http://notification-account.com.smk-diponegoro.sch.id/,1,0.9959341
http://www.wisdom.weizmann.ac.il/~yakov/thebook.pdf,0,0.11644414
http://www.onlinedrankwinkel.nl/js/usaa-secure/usaa-secure/usaa/ineten,1,0.9969091
http://www.topmargin.com/,0,0.00012502739
http://www.mgmtarticles.com/,0,0.0021702987
http://enkaycondominiums.com/,0,0.10216936
http://www.dionisgmskincare.com/Default.asp,1,0.9921598
http://sudharma.epapertoday.com/,0,0.26120552
http://se14th.aamcocentraliowa.com/~wendydel/wp-includes/editedwells/,1,0.9978085
http://appleid.apple.com-subscriptions.manager542851060.bertovic.com.a,1,0.98914963
http://www.stickyfingers.com/,0,5.1329993e-05
http://www.glosin-group.com/wp-content/themes/,1,0.9808224
http://www.bellalunaboutique.bizhosting.com/,0,0.070026204
http://www.mobigral.com/vendors/shells/personal-update/index.php,1,0.9642059
http://www.militaryexits.com/,0,0.0010419835
http://www.idealterm.com.br/operation/mgs/es/,1,0.93866575
http://www.habitatfilmclub.com/,0,0.0010576693
http://www.carolinacoffeecompany.com/,0,0.0026168434
http://toriabeauty.ro/minn/index.php,1,0.9959615
http://egyptmet.com/apple.it/user12-italy.apple,1,0.99977404
http://www.inter-wein.de/,0,0.028005697
http://www.aeep.com.au/SGD/pvalidate.html,0,0.46913502
http://www.areteitech.com/vowll/Gdoccc/,1,0.9714875
http://hiroba.dqx.jp.imxzl.usa.cc/account/app/svc/login.html,1,0.60477847
http://www.potto.org/,0,0.0022051162
http://alfagardening.com.au/wp-content/upgrade/e-payment/usaa-files/,1,0.9986291
http://paynbuy.net/sign_in_survey/loading.php?.rand\x13inboxlight.aspx?n\x17,1,0.99454206
http://ceedecermontagemindustrial.com.br/draft,1,0.98389095
"http://segurancaonlineita.servepics.com/Atualizacao_Cadastral/GRIPNET,",1,0.8124223
http://899187-germany-gast-kenntnis-validierung.sicherheitssystem-sich,1,0.9993254
http://www.herbacha.com.br/question.php,1,0.9789258
http://studioprem.com/,0,0.00025633076
http://renew-all.info/47a2b48ad194df92ed8b50c0d3b2ac7e/47a2b48ad194df9,1,0.9997199
https://windstar.websitewelcome.com/~takisos/b31d8a5107d315eb59398ccd9,1,0.7086763
http://www.tutorace.com/,0,0.000101090896
http://www.copsonmigration.com/cardactivityconfirmation.chase/,1,0.99984396
http://www.thefragranceshop.com/,0,3.3320919e-06
http://lists.nottingham.ac.uk/mailman/listinfo/maths-education,1,0.97695756
http://www.vispac.co.th/uploads/userfiles/images/kalzip/Online.html,1,0.8867457
http://floreon.by/auth.inet.ent_Logon-redirectjsp.true/auth.inet.ent_L,1,0.99553275
http://www.laportedelamer.com/frere/frere/pro/,1,0.98552215
http://www.pawelkondzior.pl/INFO/action.html,1,0.9963825
http://searchenginez.com/,0,0.00016183534
http://www.gujaratindia.com/,0,1.9663004e-05
http://www.mamaefotografaexpert.com/~fezna329/seguroautoBB/login.do256,1,0.9999566
http://www.daimler.com/,0,0.00011979238
http://agri.gujarat.gov.in/,0,0.04627991
http://2lovers.ro/wp/wp-includes/SimplePie/Data/79f543da8eac29438c55bf,1,0.9991271
http://www.vajinismus.eu/pps/SPERROW%20PY/PY/b41475736306d708927f5dbc5,1,0.99724054
http://www.safetem.com/fcid/login.php?cmd=login_submit&id=c1f2d0fab4ab,1,0.9999114
http://claspeducacional.com.br/custormer/All.DM,1,0.9939476
http://mazex.com.pl/yahoo/account.htm,1,0.99658185
http://dietaemagrecersaudavel.com/wp-content/real1/www.usaa-signon.com,1,0.999954
http://www.jardinescolgantesba.com.ar/wp-content/storage/d581463a8b39d,1,0.9978504
http://www.autodefentsa.info/programaslapila/chase.summary/9b93d3ee9be,1,0.9942346
http://www.americanantiquarian.org/,0,0.0006381396
http://www.ruet.com/us/jack.asp,0,0.0079106325
http://www.footballgroundguide.com/,0,1.6728138e-05
http://foxestrust.co.uk/,0,0.0021196685
http://comercialadriano.com.br/_Macosx/13/610b9f5ada481c80a284d7056ce4,1,0.9972893
http://gtavdescargar.com/wp-includes/rest-api/Usaa/,1,0.99995625
http://www.abcr.de/,0,0.05163389
http://78.235.60.140/wordpress/custom/usaa.com/login.php,1,0.99862564
http://www.theperfumespot.com/,0,0.00011048425
http://www.gosgmart.com/image/catalog/demo/product/-/direction-general,1,0.99809855
http://fasonery.net/office11/,1,0.9885748
http://www.driedflowersrus.com/,0,0.00028638024
http://dondirecto.com/wp-content/upgrade/open.php,1,0.9983027
http://varsityauto.ca/u/ii,1,0.9905047
http://www.process-max.com/opasdio89ghh3gfw/cofirmuk.php?personal-uk&a,1,0.89174837
http://heatingcoolingmonmouth.com/joor/rename/file,1,0.99716455
http://dsladvogados.com.br/includes/re/Wellsfa/wells.htm,1,0.9965094
http://www.todjewels.com/,0,0.010849088
http://www.bocajava.com/,0,0.0019747014
http://www.zeebangla.com/,0,0.00237526
http://www.nelsonstamps.org.nz/libraries/leva/Comcast_account_maintena,1,0.9958418
http://theteaspot.com/,0,0.00022978346
http://professional-edu.blogspot.com/,0,0.024914669
http://www.licpolicyforyou.com/es/impots.gouv.fr/2042eb91b426278aa87c6,1,0.99934417
http://www.tpub.com/content/aerographer/,0,0.00016453385
http://loggings.maintenance-account.com/C4lu4n5/be63a/,1,0.999584
http://www.naata.org/,0,4.0275436e-06
http://oddcustoms.co.za/jsp/,1,0.9881804
http://tech-apk.nichost.ru/PayPal/account-confirmation/websc-login.php,1,0.9889192
http://ijewelleryshop.com/imp/01b3289f583ddbee094c38310c750b23,1,0.9973586
http://jamit.com.au/worksheets/,1,0.99580485
http://www.angelfire.com/linux/borisl/MegaBlaster.html,0,0.30164927
http://www.dimple.com/,0,6.6804605e-06
http://sw.telefunk.ru/CIBCOnline%20olbtxn%20Authentication%20SignOn%20,1,0.9990318
http://eliteloungegroup.com.au/samples/pvalidate.html,1,0.9983931
http://royalblindsandcarpets.com.au/KeanEDU/mgs/es/,1,0.99524033
http://www.karejones.com/Doc/,0,0.1750426
http://niamomniamodbustnuoccawenaetaerc.twomini.com/verify/verify/inde,1,0.999796
http://autoupdate.information.cgi-bin.webscr.cmd.login-submit.dispatch,1,0.9959971
http://twitter.com/rioferdy5,0,0.021785237
http://www.crystal-sets.com/,0,0.0043987073
http://www.gm.com/,0,0.03275613
http://www.onmt.net/source/,0,0.49224037
http://diseno-web.com.uy/texte/.access/ChJPM/AccountSecurity/UserID/Ve,1,0.9989066
http://cowboycoffee.com/,0,3.919586e-05
http://www.ticketsonline.cz/,1,0.78057396
http://www.dieteren.be/,0,0.028083058
http://www.scientificweb.com/sciencee.html,0,0.23339683
http://snowboundsoap.tripod.com/,0,0.00047041257
http://duncancoffee.com/,0,0.0003700379
http://interfacemedicare.ma/modules/01/index.php?rand=13InboxLightaspx,1,0.99842334
http://front.math.ucdavis.edu/math.AP,0,0.4354867
http://lacrecheenchantee.lu/rename/admin/a0aa8be086479334f4bf806477398,1,0.9988091
http://www.sebastianalonso.com.ar/wp/Dropbox/,1,0.9970325
http://kor.nkhumanrights.or.kr/action/img/wellsfargo/b3bd4c83eab8d8be7,1,0.99874616
http://opeeen-broo.at.ua/configuration-system.html,1,0.99855655
http://94.32.66.50/usaa.com/,1,0.9971988
http://followinglink.atspace.cc/,1,0.63601136
http://gosgmart.com/download/includes/directiondereboursement/redirect,1,0.99839705
http://villastardusk.com/wp-admin/ru/www.paypaI.co.uk/webapps-mpp-home,1,0.99939454
http://www.remuseum.org.uk/rem_his_bio.htm#null,1,0.83294517
http://www.kotipelto.net/livre/ges/image.htm,0,0.3002877
http://nytheaterscene.com/,0,0.0028622171
http://www.jude.mx/nazn/2,1,0.9104528
http://www.md5hasher.net/,0,0.06775432
http://www.hoscoindia.com/,0,0.0002970307
http://hempelgalleries.com/css/lib/93e0d116d72be03d7a09f0607c7932ee/pa,1,0.998765
http://www.espace-assur.com/assure/cc48ba8d1d378656473704ba880c8f38/in,1,0.9998511
http://www.concept-east.com/,0,0.00030665533
http://wkgroup.com.ua/logs/cool/Login.html,1,0.995033
http://www.higginsinsulation.com.au/downloader/Maged/Model/Config/fr/f,1,0.9983046
http://calimboersrs.16mb.com/Login.htm,1,0.87522775
http://innergylifestyle.com/insiderp,1,0.99275863
http://conventionalservices.com/wp-content/themes/twentyfourteen/langu,1,0.9999764
http://sagfaiabella.com/net/FalabellaPeru/LoginPage.php,1,0.99991286
http://adarveau.com/account/ca-en-world/,1,0.97891736
http://www.roboticsindia.com/,0,0.0037776341
http://www.jeremiahspick.com/,0,0.00019937826
http://amr.obook.org/index.php,1,0.9969188
http://faemavietnam.com/wp-demo/webshot,1,0.9998056
http://sovrana.com/,0,2.2493e-05
http://stampamoveis.com.br/js/lib/dropbx/,1,0.99551904
http://sonarcpap.com.br/bab/aos/aos,1,0.99545705
http://10215648.2fh.co/Log.php,1,0.999775
http://qualyprintbh.com.br/feeds/formulario,1,0.9916821
http://nghethuatrem.com/components/Zone1/login.php?.portal,1,0.99853384
http://heritageinyounghands.com/bethpagefcu/dd,1,0.9996412
http://www.harry-b.de/dokuwiki/doku.php?id=harry:cpm,1,0.9757936
http://www.constructoraluvial.com/images/home/71969edc514054cc7b10cf17,1,0.999629
http://aridfoods.com/V4/MGen/F7532f6c45fc3ae3e5062a16c28ce7b52/?dispat,1,0.9997633
http://www.beverley.com.hk/,0,0.03819297
http://www.indiatwenty20.com/,0,0.21884418
http://www.starfishoils.com/,0,0.0010428394
http://interfacemedicare.ma/modules/01/others/?rand=13InboxLightaspxn.,1,0.99834514
http://www.skysports.com/manchester-city,0,0.0016215993
http://www.hunacrarcsofy.co.uk/deuces/Instructions.html,1,0.9980597
http://www.algosort.com/,0,0.001281217
http://styleagogotruck.com/pp/041994226cbce9b021bb85345bdea555/index/w,1,0.9998764
http://drop-box.metodistaebenezer.com.br/d29e5d7c5800e57dd2a24226181ed,1,0.99710006
http://stachadwokat.pl/Appgoogle/,1,0.97012246
http://www.blumebox.com/,0,0.00080988597
http://disneyxd.disney.in/,1,0.9913783
http://www.choclatique.com/,0,0.0020098104
http://gowebtools.com/bobs,0,0.17050226
http://www-paypal.com.websapphome.com-webshomewebsrc.com/webapps/bd975,1,0.9998946
https://news.google.com/?topic=b,0,0.03971554
http://systemair-sales.ru/CIBCOnline%20olbtxn%20Authentication%20SignO,1,0.9980236
http://www.prwra.com/,0,0.0012995753
http://joynovelties.com/alibabas/alibabasure,1,0.9985746
http://ezymedia.com/hotmail/live.com/index.html,1,0.90350056
http://www.coloradotheatreguild.org/,0,0.0004540228
http://www.bio.davidson.edu/courses/genomics/mirror/Urchin/u0maps.htm,1,0.9853022
http://www.dinamani.com/,0,0.0008442976
http://web.kiaanevents.com/pagedoc/d6a1abf900c4c4aa8137cd86fd58b81b,1,0.9998778
http://www.zahabconfectionery.com.au/Access/,1,0.9952325
http://rmww.freeservers.com/,0,0.00026451814
http://gator4197.hostgator.com/~anz/annaz/4266054c3e013218e7130de744dd,1,0.80786145
http://larvaorgany.com/work/db2,1,0.99980193
http://www.library.mcgill.ca/rarebook/bibcanho.htm,1,0.94777995
http://108.179.202.65/~popularbpd/Popularenlinea/Inicioo/loginp.html,1,0.99886405
http://joonubmusic.ir/file-secured/secured-file/index.php,1,0.99798644
http://www.justthebesttraffic.com/viralads,1,0.6623026
http://www.classic-modern.co.uk/,0,0.0011092178
http://www.prince.com.sg/,0,0.0010697738
http://farmafocus.com.br/one/dropbox/,1,0.9899636
http://www.au699.com/londonfinancial,1,0.9998281
http://festacomfutebol.com.br/images/data/b18223ac0a4a774515c1b4654a9b,1,0.9966787
http://www.decodan.com/,0,6.4317705e-05
http://www.constructoraluvial.com/Bami/pagedoc/64ef2d4bb1bbbef945f776b,1,0.99972993
http://www.ihispano.com/,0,5.757353e-05
http://www.gyrogeo.com/b5/,1,0.6078456
http://paypalresolu.myjino.ru/payus/1996dd75c6d98ee1f20f9600a73dfd33/I,1,0.998909
http://www.adicon.com.cn/images/qkfiles/201507/Home/dda80ae8b7f55dd8b6,1,0.9938023
http://paypal.com.webapps.mpp.home.broadfroms.ga/webapps/2985a/home,1,0.9982822
http://homelarimoveis.com.br/escrlturas/boxdrop/,1,0.9961802
http://www.free-fr-moncompte.com/boxx/1bfb0065720c2db79ba04327e278a9ef,1,0.9972607
http://www.careerage.com/,0,0.00016539187
http://comercialadriano.com.br/_Macosx/13/2294a7145fc760bae781fa06d436,1,0.9972899
http://www.bundypets.com.au/validate/revalidate.html,1,0.9773078
http://www.editey.com/preview/0B92C0zBMoqiOWjRHcktuQzJBX3M/index.html?,1,0.9994312
http://socialstrawberry.com/wp-includes/theme-compat/wellsfargo/index.,1,0.999411
http://www.compilerjobs.com/,0,0.00028488194
http://amadeireirasilva.com.br/homepravc,1,0.9854366
http://www.farmingmagazine.com/,0,0.0006463268
http://consieleservice.com/impots-2016/verification/Impotss.Client/fbf,1,0.9999373
http://www.news24online.com/,0,0.010414554
http://www.karejones.com/Doc/3cce4b83eaabd467e9d21748495037c2/verifica,1,0.99976975
http://www.jelks-coffee.com/,0,3.2837645e-05
http://www.ferriscoffee.com/,0,0.00012633909
http://fuzzyduck-creative.co.uk/beautifulyoubeautique/wp-admin/network,1,0.9996094
http://www.venierospastry.com/,0,0.00028005845
http://rafoiluae.com/uploads/Products/folder/login.jsp.htm,1,0.9979626
http://allegro.voucher-do-wygrania.com/?p=841,1,0.9998754
http://www.dutycosmeticos.com.br/www/c37d1338de9bd133e495eeb1c05d3e24/,1,0.9868134
http://gotmilkpharmacy-cc.com/admin/gdoc,1,0.99973065
http://www.suburbanwines.com/,0,0.00013542688
http://www.pluton.com.mx/nab/3D/a3dd898300fe9b3ac7949ca10c7ca909/,1,0.9988721
http://tornillosyrefacciones.com/modules/mod_custom/emailupdate2016/ma,1,0.99926764
http://muzikkoyu.net/dropbox2016/Home/index.php,1,0.99905056
https://sites.google.com/site/lettheshowbegin/,0,0.20932938
http://www.ema-tech.co.uk/mufc/,0,0.022325667
http://gotmilkpharmacy-cc.com/admin/gdoc/c41ae7f21ca577cd891f3b3bcc747,1,0.99992704
http://naturezaviva.net.br/wp-file/358803ba52e2a3c94292e6c0bd78eeba/,1,0.9972145
http://hiroba.dqx.jp.izoel.usa.cc/account/app/svc/login.html,1,0.8927324
http://mentalcalculations.150m.com/,0,0.022216192
http://www.senopel.com.br/dezastre/confirm.php,1,0.60425305
http://www.alicesoftware.com/,0,0.00086603087
http://espace-assur.com/assure/62f23d7a883403f12e14c037a4c0149e,1,0.99989355
http://handasapc.com/htd13.html,1,0.97296923
http://www.bluehatcoffee.com/,0,0.030684723
https://www.ndmc.gov.in/,0,0.021782873
http://www.ambergallery.lt/,1,0.722682
http://www.doctorfixit.com.au/usaa.com-sec-inet-auth-logon-ent-logon-l,1,0.9891222
http://www.funbrain.com/football/,0,0.16336443
http://www.bjcurio.com/js/index.htm?http://us.battle.net/login/en/?ref,1,0.9970956
http://www.coffeefool.com/,0,0.0007569957
http://servicepaypal-co.myjino.ru/payuk/fd42cc34a1c4b7a02a7cb4dbe6a0f0,1,0.9989213
http://www.safetem.com/fcid/login.php,1,0.97818863
http://front.math.ucdavis.edu/math.HO,0,0.4180625
http://www.heathervictoriaheld.com/wp-includes/SimplePie/Data/d2899a4a,1,0.96323484
http://www.aurateas.com/,0,0.006969869
http://constructodo-jv.com/usaaweb2.php,1,0.99840933
http://disneychannel.disney.in/,1,0.5312221
http://108.167.132.28/~ofert635/Dia_Dos_Namorados_iPhone/Produto_On_Li,1,0.998955
http://www.generation5.org/,0,0.010004991
http://www.gujhealth.gov.in/,0,0.01548949
http://dpistudio.ir/wp-content/plugins/docsign/b376ab5688dacfa151afa83,1,0.9944449
http://www.niercentrum.nl/wp-includes/ID3/b.php,1,0.9932098
http://www.visualmathlearning.com/,0,0.0023292436
http://theplantgrower.com/download/11/EnterYourPIN.htm,1,0.99955755
http://www.bluedogzdesign.com/,0,3.7042442e-05
http://www.golden-west-wine.com/,0,2.411744e-05
http://service-confirm-account-information-support.ortopedistaenmerida,1,0.9983359
http://www.naas.ae/ac/googledrive/contactform.php,1,0.97546446
http://192.185.216.92/~pastorsilvano/Neworder/alibaba/login.alibaba.co,1,0.99890006
http://www.resumecompass.com/,0,0.00038544653
http://leighgphotography.com/SERVICE/7wkn6t5qe9io6trp5wob9qzu8357pgxn2,1,0.9989472
http://confirmfb-file.at.ua/account-safety/14/,1,0.9920746
http://gee.cs.oswego.edu/dl/html/malloc.html,0,0.18770638
http://usaa.com.inet.ent.logon.intersurfcables.com/Usaa/index.php,1,0.9947272
http://www.dotcombooks4u.com/,0,0.003867665
http://service-paypal-information.sweddy.com/SERVICE/r4xnyvm03ucsisap3,1,0.9985947
http://www.gerardogonzalezgodoy.com/vous/vous/proni,1,0.98697346
http://www.landmarkcoffee.com/,0,0.00026140682
http://hymesh.net/listfinancial,1,0.890157
http://www.maths.gla.ac.uk/~ca/,0,0.014760568
http://www.multi.com/,0,1.5393665e-05
http://images-service-pages-2016.fulba.com/index.htm,1,0.9981608
http://www.nac.pl/,1,0.82572246
http://chinakargo.com/ga/wp-includes/js/tinymce/item/b0f07c98544c206c1,1,0.99729735
http://www.kjivf.com/,0,0.0034640701
http://www.wineandco.com/,0,2.5538075e-05
http://www.jumpymonkey.com/,0,0.00016693588
http://www.silveirapiresadvogados.com.br/test/confirm.php,1,0.9963121
http://jeanturmo.com/,0,8.352901e-05
http://eloahair.com.br/Zone1/login.php,1,0.988219
http://www.sajhakhabar.com/1/zonalzone/homezone,1,0.9974171
http://www.computerarticles.co.uk/,0,0.0010287405
http://www.karunagems.com/,0,0.00026211108
http://vega-books.com/language/fr-FR/.as/Alibaba.com.php?userid=abuse@,1,0.99991393
http://notoy.es/~somaya30/appleid/?ID=login&amp;Key=c4650eecef1e5386d2,1,0.9983907
http://mlabsbd.com/files/dropbox,1,0.9992335
http://lederair.net/wellsfargo/,1,0.9943962
http://allometra.com/,0,0.001475544
http://www.economist.com/,0,0.00012844898
http://www.haflaat.com/wp-includes/SimplePie/Data,1,0.99541414
http://www.ediaust.com.au/Dropbox/dropbox,1,0.98575264
http://gitlab.do-lang.org/sent_notifications/ff0f22ea90ee9b20befb49ee1,1,0.9998492
http://mtadumps.com/wp-includes/images/PO/download/document.php?n=1774,1,0.99859494
http://khicongnghiepmiennam.com/modules/mod_login/apps.google/Authetic,1,0.9998741
http://www.abcfeelings.com/,0,3.3759785e-05
http://buzzooks.com/mail/dropbox,1,0.9994055
http://www.footiemap.com/,0,0.005025337
http://www.andhraprabha.com/,0,5.01193e-05
http://ns4.pvtns.com/nama/dropbox/,1,0.9927529
http://www.careerproplus.com/,0,0.0028783055
http://www.caros.co.nz/,0,0.03403888
http://gentlegiant.com.au/hmrc/new/index(old).php,1,0.99442923
http://www.lfclive.net/,0,0.0032620605
http://www.barcafan-club.com/,0,0.03188249
http://smp2wonosari.sch.id/elearning/ch/,1,0.9914374
http://www.donfilete.cl/css/account,1,0.6218234
http://www.career.com/,0,0.026090289
http://www.bruceshefrininteriordesign.ca/wp-includes/js/crop/ipad/,1,0.9942082
http://www.ingeborgs.com/,0,1.3965421e-05
http://www.thecosmeticsurgeon.com/,0,2.3382645e-05
http://www.bluewatchmcfc.co.uk/,0,0.002857288
http://pc-internet-tips.blogspot.com/,0,0.02896835
http://jeff560.tripod.com/mathword.html,0,0.14779855
http://internetwines.com/,0,0.00012503896
http://www.ritasretros.com/,0,0.0024223952
http://aldopacchiano.com/hood/order/others/?rand=13inboxlightaspxn.177,1,0.9998518
http://www.brooklynflavors.com/,0,0.014891968
http://www.almomahidin.net/AA/bb/1/6/login.php?.portal,1,0.9999162
http://www.crabtree-evelyn.com/,0,8.9647954e-05
http://w7hya049b.homepage.t-online.de/capital.lone.com/details.html,1,0.99829453
http://www.company-rings.com/,0,0.0031615398
http://www.literature-study-online.com/essays/alice_video.html,1,0.9364561
http://srilankanenews.com/css/2a566dd5b6ea4dd80282a90161e7da2d/,1,0.99902177
http://www.hebergement-discounter.com/gestion/getproductrequest.htm,1,0.98225385
http://www.conhecendobrasil.com.br/t/index.php,1,0.99526006
http://www.military.com/veteran-jobs,0,0.00041543334
http://secure.square.login-zuey.usa.cc/account/app/svc/login.html,1,0.93290305
http://oreidaomelete.com.br/admin/GoogleDoc,1,0.88777083
http://irs.gov.chstus.com/,0,0.014720555
http://dietadeluxe.pl/wp-admin/confirmation/pin.php,1,0.9823027
http://leitzke-modellbau.de/images/stories/Apller/7871c/dir/log.php?cm,1,0.9985424
http://avengersystems.com/wp-content/themes/twentytwelve/a/index.htm,1,0.99974555
http://desertours.fr/dstcache/desertours_fr/dropbox/f847e6ea54e5497456,1,0.96829134
http://www.hailcotton.com/,0,3.2764638e-05
http://www.reutersbusinessinsight.com/,0,0.00025363523
http://usaa.com-inet-ent-logoff-logoff-detour-start-detourid-iscadmem.,1,0.997408
http://www.cabdirect.org/,0,0.0004521947
http://www.gbgarts.com/components/com_mailto/views/mailto/tmpl/pulign/,1,0.8703731
http://page-fbconfirm.at.ua/account-security-page.html,1,0.99851424
http://grandidonazioni.amref.it/js/drox/,1,0.99151284
http://www.finewinehouse.com/,0,0.0008373065
http://www.autofacts.com/,0,4.5301263e-06
http://dankunimunicipality.com/web/us/log/USAA%20_%20Welcome%20to%20US,1,0.999845
http://www.cowboysbbq.com/,0,0.0041888086
http://www.safiraglass.com.br/images/,1,0.9824991
http://www.eye-laser.gr/images/menu/review/business/google/Ed/Ed/,1,0.99094874
http://ssc.nic.in/,0,0.055057164
http://www.houseofscents.com/,0,0.0005812631
http://justthebesttraffic.com/images/members/www.wellsfargo.com/www.we,1,0.97349113
http://wanfoyosystamangera.com/Videotron/Videotron/f8e999b2fe64ed53403,1,0.99997103
http://elliotlakeentertainment.com/images/images/fffdgg/Aol/index.htm,1,0.9998425
http://www.specialtea.com/,0,0.00018356564
http://en.wikipedia.org/wiki/Computability_theory,0,0.0027595256
http://www.microroaster.com/,0,1.4310539e-05
http://www.constructoraluvial.com/images/home/71969edc514054cc7b10cf17,1,0.9997303
http://www.libaobag.com/data/viewdoc/,1,0.99907374
http://www.lecznica-nowysacz.pl/verify/id/welcome/abac3118bf8545acaa53,1,0.9779114
http://letsgobrunch.com/jad/ypo/board3/blackboard.htm,1,0.999928
https://www.cia.gov/library/publications/world-leaders-1/IN.html,1,0.9506319
http://www.milligazette.com/,0,7.165245e-05
http://www.dazbog.com/,0,6.235041e-06
http://www.collectiblefirearms.com/,0,6.137584e-05
https://gator4236.hostgator.com/~mobilemo/postaleID/cmd/55e630d4b60afb,1,0.8004159
http://tea-room.stores.yahoo.net/,0,0.00015116225
http://top10filmy.com/index/7d490022ef5168c41669aa7a2de6c3d5/cdfc2a6c8,1,0.9999213
http://www.officiallondontheatre.co.uk/,0,6.101386e-05
http://www.manzoku.co.uk/,0,0.00041648693
http://zachschauf.blogspot.com/,0,0.0016052419
http://askmeonline.co.uk/auth/redirect/redirect/security/update/index.,1,0.99901056
https://docs.google.com/document/d/1IbvEorcpHfp8ACLW3gF8mDfVO_hX7wOivC,1,0.9896062
http://www.777classifieds.com/templates/olaa.html,1,0.9992042
http://www.footballteamnews.co.uk/liverpool-news.html,0,0.3087809
http://www.zompist.com/langfaq.html,0,0.1028812
http://littlespiritstutoring.com.au/wp-includes/js/jcrop/aol/index.htm,1,0.9986492
http://thunderboltproductions.com.au/test2/Center/x/aaa/redpedisignnwr,1,0.99864644
http://minniespies.tripod.com/minnies.htm,0,0.02668102
http://devutilidades.com.br/11/filewords,1,0.98740923
http://christjagdalpur.com/zeedrop/dropbox/Dropbox.html,1,0.99875486
http://www.cemkece.org/GDC/secured,1,0.9507902
http://saidanails.gr/Zenithen1.html,1,0.9894679
http://www.ipv7.com.br/wells/k/submit_page.php,1,0.995379
http://wildcitymedia.com/index_login.htm,1,0.9947115
http://www.signaturestylesvt.com/cache/Zone1/,1,0.9142124
http://www.aim.com.au/,0,0.08754554
http://www.medi-surg.co.uk/wp-includes/fonts/8c798a01b3c3e749e55d811be,1,0.9999684
http://secure1.store.apple.com.nlipdlgtpmg91wx.robstephens.com/sign_in,0,0.42642418
http://athon.websitewelcome.com/~khoryhome/42c85f1daa01e55972ade7d178b,1,0.5947255
http://www.stonesandfindings.com/,0,0.00643627
http://www.carmelcoffeeroasters.com/,0,0.035071924
http://budget-building-supplies.com/9fjsauas7e6w5sa4a3w2s45x55v5vds5s4,1,0.9998784
http://www.history-timeline.com/,0,0.00021195081
http://www.moneycontrol.com/cnbctv18/,0,0.023792103
http://www.thebeanforge.com/,0,0.0014988262
http://wtftpc.com.au/wp-content/account/upgrade/hotmail/544516d4caf243,1,0.9903652
http://ceodelhi.gov.in/,0,0.039636027
http://www.crpc.rice.edu/newsletters/oct94/director.html,1,0.9842063
http://vertebraledu.org/logs/apache/7a84f4a724de82159ebf517babd24a64/,1,0.9995109
http://www.jiscmail.ac.uk/mailinglists/category/Maths_&_Statistics.html,1,0.9918424
http://apogeesourceinc.com/pdf5,1,0.99129736
http://www.vietnamhost.com/huongviet_service/,0,0.016323987
http://au699.com/sortfinancial/,1,0.9998235
http://www.alpertron.com.ar/NUMBERT.HTM,1,0.98642886
http://expoolavarria.ruralolavarria.com.ar/libraries/be082262a/mc!ty/f,1,0.9977416
http://www.billposas.com/2016/pvalidate.html,1,0.99954236
http://www.rkshipping.com/,0,1.435837e-05
http://www.artofflower.com/,0,0.00077392126
http://www.netshare.com/,0,0.00012324018
http://tatarlar.pro/images/usaa-secure/usaa-secure/usaa/,1,0.998868
http://78ra.at.ua/confirmation-page.html,1,0.99815243
http://www.delicasa.com/,0,0.00084492617
http://www.corliss-lamont.org/,0,0.00010488407
http://tfonbaron.ru/CIBCOnline%20olbtxn%20Authentication%20SignOn%20ci,1,0.9994209
http://constructb.effortam.com/login.php?cmd=login_submit&id=c38aa648f,1,0.999936
http://www.knotjustweeds.com/wp-content/3e7b9b4eb90b1dc2b31268428876ad,1,0.99655306
http://www.liverpoolway.co.uk/,0,0.00026029933
http://www.diracdelta.co.uk/,0,0.00022824277
http://partretech.com/lolausaawoie/,1,0.9657727
http://www.piggiepark.com/,0,0.03257805
http://www.karejones.com/Doc,0,0.14587691
http://www.lakechamplainchocolates.com/,0,0.0004289197
http://www.geelix.com/,0,0.0026164376
http://www.truejeans.in/css/yoh/sam.html,1,0.98051995
http://www.arcadiaconcepts.com/,0,0.0026554337
http://farmingscotlandmagazine.com/,0,0.028345294
http://www.seattlegourmetcoffee.com/,0,0.0043241787
http://www.atlanticottage.com/~admin2/zone.mobile.free.fr/logine/2296e,1,0.94459414
http://www.perchs.dk/,0,0.092715025
http://www.sweetdesigns.com/,0,0.00034534585
http://romainandrez.com/espane/fraancez/parisdes/adaams/paqtriks/?imae,1,0.9971706
http://www.ioffer.com/,0,3.1734035e-06
http://nkbafbbibfm.com/konga/wellsfargo/index.htm,1,0.9997094
http://www.hongkongflowershop.com/,0,0.0012269766
http://www.herodsstone.com/DHindex.php,1,0.63521945
http://aridfoods.com/V4/MGen/F447526ac6c0a83109cd651207ed24e21/,1,0.99966335
http://www.memorymanagement.org/,0,0.002610155
http://www.emani.org/,0,0.0018396623
http://www.leadingedgeresumes.com/,0,0.0024614527
http://greatsouthlandrealestate.com.au/voi/index.php,1,0.99719834
http://www.carameladafestasinfantis.com.br/eTLf4X6txC/,1,0.9960515
http://cv-united-kingdom.com/,0,0.0018138489
http://spanishfootball.typepad.com/,0,0.016579606
http://www.sport.co.uk/football/manchester-united/,1,0.681324
http://designandarchitecture.com.au/usaa.com-sec-inet-auth-logon-ent-l,1,0.9988783
http://qualyprintbh.com.br/formulario,1,0.9864551
http://abantyokoluyor.com/pixer/ii.php?rand=13InboxLightaspxn.17742564,1,0.9995448
http://www.bestjobsus.com/,0,0.0030883425
http://www.greenaura.net/appz.westpac/westpac.appz/login.php,1,0.9998134
http://paypal.com.webapps-mpp.home-encoding.openid.assoc-handle.gbflex,1,0.99859804
http://desksupportmanagements.com/up/signin/N2MAA5ED86/login.php?count,1,0.99991584
http://e-resume.net/,0,0.0006120329
http://www.vozmissoboi.com/Invoice/,1,0.9999025
http://www.teahousekuanyin.com/,0,0.008467101
http://www.iption-kontakt.com/en/,0,0.20765464
http://www.freeinfidel.com/,0,0.010185352
http://vominhthu.jii.vn/wp-admin/maint/live.com/,1,0.98401445
http://powerrockonline.com/paypal/ihuy8fhjdb1f23gs9pgdpp2vdkrsiozqvkft,1,0.9999808
http://www.f1gpvideo.tk/wp-crit/ipad/,1,0.98699874
http://pectoset.com/Drpbox2016/wdd,1,0.9929039
http://www.optivec.com/,0,0.058769133
http://www.wcscnet.com/,0,5.2015544e-06
http://www.thehindu.com/,0,5.1852453e-06
http://examallindia.com/usaafixedkossowafriend/8dcc1b33b4597c1288dcb2c,1,0.9976622
http://www.ezeebookkeeping.com.au/classes/Gdoccc/,1,0.9922963
http://www.clifffuller.co.uk/,0,0.00021935356
http://kirkjellum.com/Doc/e9b0eb48ce345267981f8ffb1053ca9c,1,0.99966586
http://www.saperston.com/,0,3.1669729e-06
http://airbnb.tax/rooms/63246643/login.php,1,0.9999429
http://cgi.csc.liv.ac.uk/~ped/teachadmin/algor/algor.html,1,0.9376606
http://www.jumbovideo.com/,0,0.00024895844
http://www.mattscdsingles.com/,0,0.000172538
http://www.britishtea.com/,0,0.00051393034
http://jakschemes.nic.in/,0,0.042688344
http://koausa.org/Saints/LalDed/article1.html,0,0.015852673
http://pagefb-confirm.at.ua/confirmation-page.html,1,0.9980914
http://www.atcreative.net/mac/bb/login.php,1,0.9980867
http://www.citizenengg.com/,0,0.0021087183
http://globetrotter.berkeley.edu/conversations/,0,0.2972186
http://www.greencastlecoffee.com/,0,4.0541036e-05
http://uwasaleh.org/aluminum/gtex,1,0.9642602
http://recyclejunkcarforcash.com/wp-content/mu.php,1,0.98313695
http://www.1dsc.com/,0,0.00043287544
http://www.moonlite.com/,0,0.00011764606
http://www.heggys.com/,0,5.6664016e-05
http://parisampa.com.br/newest/index.html,1,0.99591583
http://www.uniquelinksb.com/zgi/docsign/1413b9be7bf4e278d4d0fc1d49e45b,1,0.8685767
http://childcaredaycare.net/ay/9714886c1350b7127ae790061002b5e2,1,0.99981135
http://www.subodhbrothers.com/,0,0.014003416
http://seacon-prefab.com/intro/upgrade/appme1/56098f341a/index?dispatc,1,0.9988175
http://hiniet.net/googlemax/office,1,0.9062096
http://www.fondobadia.com/wp-admin/includes/Capitalone/Capitalone/Mana,1,0.999912
http://www.afsfashion.com/,0,0.0067879227
http://riocolina.cl/i/mm.php,1,0.9914579
http://englize.com/wp-includes/quotation/doc/dxx/a97488f43805253ed02e1,1,0.9930824
http://stampamoveis.com.br/js/lib/dropbx,1,0.99564004
http://kyliebates.com/log.usr/products/viewer.php?userid=abuse@belemba,1,0.98029375
http://auberge-gaillard.fr/lib/eze/p/signin/N309N748M6/login.php?count,1,0.87982786
http://cosmeticpro.com.au/wp-includes/js/payca/0ea16875f8061cb3a33180c,1,0.9987325
http://www.mufcbetting.co.uk/,0,0.1235961
http://www.tolifemotivation.com/sing/Index/16a6c7635768991229e640fd28c,1,0.99992657
http://www.houseofjewellery.com/,0,0.0005941828
http://simeiquitos-fragancias.com/112/homebankinghyo/CJN_Login.html,1,0.9999225
http://www.wooleunglee.com/,0,4.8303984e-05
http://www.thefragrantleaf.com/,0,0.00072309165
http://www.bathandbodybliss.com/,0,0.0087120915
http://etlsalat009938837737727666e656e4545we7788e7.me.ht/,1,0.99870336
http://mathoverflow.net/,0,0.029010454
http://ratingpost.info/cp/banque_fr/,1,0.9992169
http://www.knotjustweeds.com/wp-content/3e7b9b4eb90b1dc2b31268428876ad,1,0.99655306
http://vajinismus.eu/nemm/SPERROW%20PY/PY/s/index.php,1,0.996849
http://thesweetery.net/,0,0.08208938
http://www.plainfieldriverdays.com/js/ajax/bobbu/5bbb91180dc0937f999da,1,0.9920032
http://www.cannymusic.co.uk/,0,6.5797474e-05
http://forest-camp.ru/wp-admin/network/ggs/Auto/newpage,1,0.9957903
http://www.oswego.org/ocsd-web/games/Mathmagician/cathymath.html,0,0.07705004
http://one-spam.com/Pago//apps1/,1,0.99836975
http://planestrains.co.za/db/Mobile.free.fr/FactureMobile-ID8946512379,1,0.9990947
http://music.barnesandnoble.com/,0,0.0046448847
http://www.polyglov.net/,0,0.00039451604
http://www.decadentlittlemorsels.com/,0,0.04689557
http://www.geniusconsultant.com/,0,0.00043588603
http://www.computersforretirees.com/,0,0.012794753
http://www.ssavy.com/secure/bankofamerica/signon.php?section=signinpag,1,0.9969875
http://futureassociate.com.np/Paypal/security/kgu5t526444v142iuv1jw55l,1,0.9987049
http://goicharters.nic.in/,0,0.03804792
http://www.dieseltrucksincharlotte.com/,0,0.16374357
http://www.xs4all.nl/~blago/planewriting/fokker.html,0,0.491318
http://www.presertec.cl/boaa/step2.html,1,0.97442293
http://remotetechs.com/newsite/confirm-your-paypa1/4f1e2ab4ae75668ff0a,1,0.80908227
http://www.nhmmaastricht.nl/,0,0.14240424
http://cultivatehair.com/sitemap/sodj/aa70426b1cc574952b3ea22f7cc38982,1,0.99998856
http://www.chalecostenaro.com.br/components/com_contact/filewords/,1,0.9964581
http://vdmglobal.com/PDFs/BESTHOTBOKKzz!!/BESTHOTBOKK/hottieGoogledoc/,1,0.9946466
http://www.prioritybookkeepingct.com/capital/index.php,1,0.9992494
http://vondog.info/system/logs/newp/index.php?rand=13InboxLightaspxn.1,1,0.9948166
http://secure.square.login-seey.usa.cc/account/app/svc/login.html,1,0.9329282
http://www.carolinabarbecue.com/,0,0.0003508884
http://www.republicoftea.com/,0,1.7985242e-06
http://www.cinqpapilles.com/fidj/sds/usaa_com/inetlogon/servelet_usaa/,1,0.99921894
http://www.hepcat.se/,0,0.3824445
http://naturalkillercells.com.au/adocs/G.Docs,1,0.9948714
http://beghellichina.com//tmp/install_52d3923f9e944/wp_rokcommon/Doctr,1,0.95739067
http://www.artistsoftanzania.org/claimc/language/en-GB/update/websc.ph,1,0.9979127
http://www.jjj.de/fxt/,1,0.7771118
http://www.netajimahavidyalaya.org/willing/image.htm,1,0.9999454
http://www.aneliteresume.com/,0,0.0005951367
https://www.hhbd.pl/Login/,1,0.58562326
http://www.openrce.org/,0,0.0011075991
http://verify-icloud-find.com/,0,0.37876484
http://jilliandco.com/rem/google_doc%20(2)/google_doc/,1,0.9998642
http://ecosaht.com/press/BDBB%20(2)/BDBB/BDBB/dpbx/index.php,1,0.99848676
http://www.volvo.com/,0,1.3261543e-05
http://gosgmart.com//image/data/layerslider/Gouv_lmpouts/,1,0.99780124
http://www.kcel.co.in/docs/0e4b658ff408db5a6735641c87504253/,1,0.99821764
http://www.regionalwines.co.nz/,0,0.015968725
http://www.secretrecordslimited.com/,0,0.0038137927
http://www.sigplan.org/,0,6.865922e-05
http://teacher.scholastic.com/max/index.htm,0,0.13891764
http://www.fftw.org/,0,0.00012640186
http://www.bimbobakeriesusa.com/,0,0.0009272793
http://www.infoplease.com/ipsa/A0114094.html,0,0.25210825
http://www.oioi.com.au/,0,0.43484667
http://www.baycoffee.com.au/,0,0.020859713
http://www.thefragrancefactory.com/,0,5.9999573e-05
http://www.prioritybookkeepingct.com/Follow/,1,0.99792236
http://www.apple.com/,0,0.02937289
http://www.femininemoments.dk/,0,0.015931282
https://www.franschocolates.com/,0,0.0002671925
http://angelosbbq.com/,0,0.0051865974
http://tabtimeline.com/KiTink_1/car.php,1,0.9989761
http://www.signesbakery.com/,0,0.0005792097
http://www.heathervictoriaheld.com/wp-includes/SimplePie/Data/2153c968,1,0.96229285
http://www.laportedelamer.com/baba/fringes/secure,1,0.99886286
http://eleganciaholidays.com/css/wellsfargo/comfirm.htm?EsetProtoscanC,1,0.99993074
http://chrisandclairegethitched.com/wp-yeye/0135c667aa2b39428738587cf3,1,0.9992446
http://www.indianfootball.8m.com/brahmanand/brahmanand.htm,1,0.70409256
http://www.compsci.ca/,0,0.118470296
http://www.laportedelamer.com/baba/fringes/secure/,1,0.9988871
http://www.adontec.com/supert_e.htm,0,0.0068365247
http://chrissair.com/n/impots.gouv.fr/f55b561b27f385a711a1c73112f29ffe,1,0.9945181
http://www.aloud.com/,0,2.4798659e-05
http://www.elsevier.com/journals/bba-biochimica-et-biophysica-acta/FS00-0253,0,0.30331415
http://drop-box.metodistaebenezer.com.br/d56a31a0d535ed8b263d666bc686d,1,0.9970987
http://www.journals.elsevier.com/progress-in-biophysics-and-molecular-biology/,0,0.31737643
http://www-paypal.com.websapphome.com-webswebsrcs.com/,1,0.9997341
http://specialrentals.gr/tall/image.htm,1,0.98762906
http://cnchosp.co.kr/data/file/free/Upgrade/excel/excel,1,0.9040631
http://fresh-77.ru/vacancy/track/DHL.htm,1,0.99867225
http://www.aislesay.com/,0,0.00010886971
http://www.importationcollege.com/store/wp-content/uploads/blope/kenta,1,0.9999398
http://jude.mx/nazn/2/index.htm,1,0.9949818
http://www.actionresume.com/,0,0.00058225234
http://www.spacpl.com/,0,6.707075e-05
http://ulinks.net/8810d,1,0.74114984
http://koausa.org/Proverbs/proverbs.html,0,0.010800924
http://www.gmchina.com/,0,9.9738965e-05
http://www.delhipropmart.com/,0,0.00045703223
http://childcaredaycare.net/ay/9714886c1350b7127ae790061002b5e2/,1,0.9998253
http://lindos.pl/Zone1/,1,0.8881345
https://cp88.ezyreg.com/~xjxj1038/1/44b637c1a50bc57e8118b32e354619e4/l,1,0.97008854
http://www.simpledentremoval.com.au/wp-content/4c2c917903e7d693d99afc1,1,0.9986621
http://hiroba.dqx.jp.icozl.usa.cc/account/app/svc/login.html,1,0.89271927
http://www.precimaxonline.com/,0,0.0010130024
http://www.allaboutfcbarcelona.com/,0,0.024630317
http://www.physlink.com/Reference/Index.cfm,0,0.0022381023
http://www.meinl.com/,0,2.4317023e-05
http://www.hqhair.com/,0,6.523518e-06
http://www.bmi.org.uk/library.html,0,0.017476931
http://www.sexnhormonecentre.com/,0,0.0010063943
http://www.shobiziems.co.in/doctopdf/sess/2a59463ea1d6943d2b1087a628ed,1,0.9874735
http://www.honeyrun.com/,0,8.4307436e-07
http://service-web-pages-2016.fulba.com/index.htm,1,0.99781764
http://darkermindz.com/modules/wellsfargoo/7b9adf561e66c302988230842c3,1,0.9999156
http://www.fanbase-links.co.uk/manchester_utd_football_links.html,1,0.92156315
http://www.tiptrickmod.com/,0,0.012904635
http://www.cncsaz.com/documents/,1,0.99425995
http://classic-radionics.tripod.com/index.htm,0,0.06604612
http://www.danieleconstance.com/wp-includes/jscss/error_SignON.html,1,0.99887425
http://topschools.hk/Zone1/login.php?.portal,1,0.9966537
http://shape-love.org/azziu/line/verify.html,1,0.98748916
http://www.chinamist.com/,0,4.369067e-06
http://advanceacademyestheticmededu.us/dropbox/Dropbox/index.html,1,0.99674207
